id,kode_provinsi,nama_provinsi,kode_kabupaten_kota,nama_kabupaten_kota,curah_hujan,satuan_curah_hujan,kelembapan,satuan_kelembapan,tahun
1,32,JAWA BARAT,3201,KABUPATEN BOGOR,252100.2,mm,84,%,2013
2,32,JAWA BARAT,3202,KABUPATEN SUKABUMI,252100.2,mm,84,%,2013
3,32,JAWA BARAT,3203,KABUPATEN CIANJUR,252100.2,mm,84,%,2013
4,32,JAWA BARAT,3204,KABUPATEN BANDUNG,252100.2,mm,84,%,2013
5,32,JAWA BARAT,3205,KABUPATEN GARUT,252100.2,mm,84,%,2013
6,32,JAWA BARAT,3206,KABUPATEN TASIKMALAYA,252100.2,mm,84,%,2013
7,32,JAWA BARAT,3207,KABUPATEN CIAMIS,252100.2,mm,84,%,2013
8,32,JAWA BARAT,3208,KABUPATEN KUNINGAN,252100.2,mm,84,%,2013
9,32,JAWA BARAT,3209,KABUPATEN CIREBON,252100.2,mm,84,%,2013
10,32,JAWA BARAT,3210,KABUPATEN MAJALENGKA,252100.2,mm,84,%,2013
11,32,JAWA BARAT,3211,KABUPATEN SUMEDANG,252100.2,mm,84,%,2013
12,32,JAWA BARAT,3212,KABUPATEN INDRAMAYU,252100.2,mm,84,%,2013
13,32,JAWA BARAT,3213,KABUPATEN SUBANG,252100.2,mm,84,%,2013
14,32,JAWA BARAT,3214,KABUPATEN PURWAKARTA,252100.2,mm,84,%,2013
15,32,JAWA BARAT,3215,KABUPATEN KARAWANG,252100.2,mm,84,%,2013
16,32,JAWA BARAT,3216,KABUPATEN BEKASI,252100.2,mm,84,%,2013
17,32,JAWA BARAT,3217,KABUPATEN BANDUNG BARAT,252100.2,mm,84,%,2013
18,32,JAWA BARAT,3218,KABUPATEN PANGANDARAN,252100.2,mm,84,%,2013
19,32,JAWA BARAT,3271,KOTA BOGOR,252100.2,mm,84,%,2013
20,32,JAWA BARAT,3272,KOTA SUKABUMI,252100.2,mm,84,%,2013
21,32,JAWA BARAT,3273,KOTA BANDUNG,252100.2,mm,84,%,2013
22,32,JAWA BARAT,3274,KOTA CIREBON,252100.2,mm,84,%,2013
23,32,JAWA BARAT,3275,KOTA BEKASI,252100.2,mm,84,%,2013
24,32,JAWA BARAT,3276,KOTA DEPOK,252100.2,mm,84,%,2013
25,32,JAWA BARAT,3277,KOTA CIMAHI,252100.2,mm,84,%,2013
26,32,JAWA BARAT,3278,KOTA TASIKMALAYA,252100.2,mm,84,%,2013
27,32,JAWA BARAT,3279,KOTA BANJAR,252100.2,mm,84,%,2013
28,32,JAWA BARAT,3201,KABUPATEN BOGOR,13063.5,mm,82.83333333,%,2014
29,32,JAWA BARAT,3202,KABUPATEN SUKABUMI,13063.5,mm,82.83333333,%,2014
30,32,JAWA BARAT,3203,KABUPATEN CIANJUR,13063.5,mm,82.83333333,%,2014
31,32,JAWA BARAT,3204,KABUPATEN BANDUNG,13063.5,mm,82.83333333,%,2014
32,32,JAWA BARAT,3205,KABUPATEN GARUT,13063.5,mm,82.83333333,%,2014
33,32,JAWA BARAT,3206,KABUPATEN TASIKMALAYA,13063.5,mm,82.83333333,%,2014
34,32,JAWA BARAT,3207,KABUPATEN CIAMIS,13063.5,mm,82.83333333,%,2014
35,32,JAWA BARAT,3208,KABUPATEN KUNINGAN,13063.5,mm,82.83333333,%,2014
36,32,JAWA BARAT,3209,KABUPATEN CIREBON,13063.5,mm,82.83333333,%,2014
37,32,JAWA BARAT,3210,KABUPATEN MAJALENGKA,13063.5,mm,82.83333333,%,2014
38,32,JAWA BARAT,3211,KABUPATEN SUMEDANG,13063.5,mm,82.83333333,%,2014
39,32,JAWA BARAT,3212,KABUPATEN INDRAMAYU,13063.5,mm,82.83333333,%,2014
40,32,JAWA BARAT,3213,KABUPATEN SUBANG,13063.5,mm,82.83333333,%,2014
41,32,JAWA BARAT,3214,KABUPATEN PURWAKARTA,13063.5,mm,82.83333333,%,2014
42,32,JAWA BARAT,3215,KABUPATEN KARAWANG,13063.5,mm,82.83333333,%,2014
43,32,JAWA BARAT,3216,KABUPATEN BEKASI,13063.5,mm,82.83333333,%,2014
44,32,JAWA BARAT,3217,KABUPATEN BANDUNG BARAT,13063.5,mm,82.83333333,%,2014
45,32,JAWA BARAT,3218,KABUPATEN PANGANDARAN,13063.5,mm,82.83333333,%,2014
46,32,JAWA BARAT,3271,KOTA BOGOR,13063.5,mm,82.83333333,%,2014
47,32,JAWA BARAT,3272,KOTA SUKABUMI,13063.5,mm,82.83333333,%,2014
48,32,JAWA BARAT,3273,KOTA BANDUNG,13063.5,mm,82.83333333,%,2014
49,32,JAWA BARAT,3274,KOTA CIREBON,13063.5,mm,82.83333333,%,2014
50,32,JAWA BARAT,3275,KOTA BEKASI,13063.5,mm,82.83333333,%,2014
51,32,JAWA BARAT,3276,KOTA DEPOK,13063.5,mm,82.83333333,%,2014
52,32,JAWA BARAT,3277,KOTA CIMAHI,13063.5,mm,82.83333333,%,2014
53,32,JAWA BARAT,3278,KOTA TASIKMALAYA,13063.5,mm,82.83333333,%,2014
54,32,JAWA BARAT,3279,KOTA BANJAR,13063.5,mm,82.83333333,%,2014
55,32,JAWA BARAT,3201,KABUPATEN BOGOR,83005.9,mm,81.25,%,2015
56,32,JAWA BARAT,3202,KABUPATEN SUKABUMI,83005.9,mm,81.25,%,2015
57,32,JAWA BARAT,3203,KABUPATEN CIANJUR,83005.9,mm,81.25,%,2015
58,32,JAWA BARAT,3204,KABUPATEN BANDUNG,83005.9,mm,81.25,%,2015
59,32,JAWA BARAT,3205,KABUPATEN GARUT,83005.9,mm,81.25,%,2015
60,32,JAWA BARAT,3206,KABUPATEN TASIKMALAYA,83005.9,mm,81.25,%,2015
61,32,JAWA BARAT,3207,KABUPATEN CIAMIS,83005.9,mm,81.25,%,2015
62,32,JAWA BARAT,3208,KABUPATEN KUNINGAN,83005.9,mm,81.25,%,2015
63,32,JAWA BARAT,3209,KABUPATEN CIREBON,83005.9,mm,81.25,%,2015
64,32,JAWA BARAT,3210,KABUPATEN MAJALENGKA,83005.9,mm,81.25,%,2015
65,32,JAWA BARAT,3211,KABUPATEN SUMEDANG,83005.9,mm,81.25,%,2015
66,32,JAWA BARAT,3212,KABUPATEN INDRAMAYU,83005.9,mm,81.25,%,2015
67,32,JAWA BARAT,3213,KABUPATEN SUBANG,83005.9,mm,81.25,%,2015
68,32,JAWA BARAT,3214,KABUPATEN PURWAKARTA,83005.9,mm,81.25,%,2015
69,32,JAWA BARAT,3215,KABUPATEN KARAWANG,83005.9,mm,81.25,%,2015
70,32,JAWA BARAT,3216,KABUPATEN BEKASI,83005.9,mm,81.25,%,2015
71,32,JAWA BARAT,3217,KABUPATEN BANDUNG BARAT,83005.9,mm,81.25,%,2015
72,32,JAWA BARAT,3218,KABUPATEN PANGANDARAN,83005.9,mm,81.25,%,2015
73,32,JAWA BARAT,3271,KOTA BOGOR,83005.9,mm,81.25,%,2015
74,32,JAWA BARAT,3272,KOTA SUKABUMI,83005.9,mm,81.25,%,2015
75,32,JAWA BARAT,3273,KOTA BANDUNG,83005.9,mm,81.25,%,2015
76,32,JAWA BARAT,3274,KOTA CIREBON,83005.9,mm,81.25,%,2015
77,32,JAWA BARAT,3275,KOTA BEKASI,83005.9,mm,81.25,%,2015
78,32,JAWA BARAT,3276,KOTA DEPOK,83005.9,mm,81.25,%,2015
79,32,JAWA BARAT,3277,KOTA CIMAHI,83005.9,mm,81.25,%,2015
80,32,JAWA BARAT,3278,KOTA TASIKMALAYA,83005.9,mm,81.25,%,2015
81,32,JAWA BARAT,3279,KOTA BANJAR,83005.9,mm,81.25,%,2015
82,32,JAWA BARAT,3201,KABUPATEN BOGOR,191190.3,mm,85.41666667,%,2016
83,32,JAWA BARAT,3202,KABUPATEN SUKABUMI,191190.3,mm,85.41666667,%,2016
84,32,JAWA BARAT,3203,KABUPATEN CIANJUR,191190.3,mm,85.41666667,%,2016
85,32,JAWA BARAT,3204,KABUPATEN BANDUNG,191190.3,mm,85.41666667,%,2016
86,32,JAWA BARAT,3205,KABUPATEN GARUT,191190.3,mm,85.41666667,%,2016
87,32,JAWA BARAT,3206,KABUPATEN TASIKMALAYA,191190.3,mm,85.41666667,%,2016
88,32,JAWA BARAT,3207,KABUPATEN CIAMIS,191190.3,mm,85.41666667,%,2016
89,32,JAWA BARAT,3208,KABUPATEN KUNINGAN,191190.3,mm,85.41666667,%,2016
90,32,JAWA BARAT,3209,KABUPATEN CIREBON,191190.3,mm,85.41666667,%,2016
91,32,JAWA BARAT,3210,KABUPATEN MAJALENGKA,191190.3,mm,85.41666667,%,2016
92,32,JAWA BARAT,3211,KABUPATEN SUMEDANG,191190.3,mm,85.41666667,%,2016
93,32,JAWA BARAT,3212,KABUPATEN INDRAMAYU,191190.3,mm,85.41666667,%,2016
94,32,JAWA BARAT,3213,KABUPATEN SUBANG,191190.3,mm,85.41666667,%,2016
95,32,JAWA BARAT,3214,KABUPATEN PURWAKARTA,191190.3,mm,85.41666667,%,2016
96,32,JAWA BARAT,3215,KABUPATEN KARAWANG,191190.3,mm,85.41666667,%,2016
97,32,JAWA BARAT,3216,KABUPATEN BEKASI,191190.3,mm,85.41666667,%,2016
98,32,JAWA BARAT,3217,KABUPATEN BANDUNG BARAT,191190.3,mm,85.41666667,%,2016
99,32,JAWA BARAT,3218,KABUPATEN PANGANDARAN,191190.3,mm,85.41666667,%,2016
100,32,JAWA BARAT,3271,KOTA BOGOR,191190.3,mm,85.41666667,%,2016
101,32,JAWA BARAT,3272,KOTA SUKABUMI,191190.3,mm,85.41666667,%,2016
102,32,JAWA BARAT,3273,KOTA BANDUNG,191190.3,mm,85.41666667,%,2016
103,32,JAWA BARAT,3274,KOTA CIREBON,191190.3,mm,85.41666667,%,2016
104,32,JAWA BARAT,3275,KOTA BEKASI,191190.3,mm,85.41666667,%,2016
105,32,JAWA BARAT,3276,KOTA DEPOK,191190.3,mm,85.41666667,%,2016
106,32,JAWA BARAT,3277,KOTA CIMAHI,191190.3,mm,85.41666667,%,2016
107,32,JAWA BARAT,3278,KOTA TASIKMALAYA,191190.3,mm,85.41666667,%,2016
108,32,JAWA BARAT,3279,KOTA BANJAR,191190.3,mm,85.41666667,%,2016
109,32,JAWA BARAT,3201,KABUPATEN BOGOR,172127.1,mm,82.58333333,%,2017
110,32,JAWA BARAT,3202,KABUPATEN SUKABUMI,172127.1,mm,82.58333333,%,2017
111,32,JAWA BARAT,3203,KABUPATEN CIANJUR,172127.1,mm,82.58333333,%,2017
112,32,JAWA BARAT,3204,KABUPATEN BANDUNG,172127.1,mm,82.58333333,%,2017
113,32,JAWA BARAT,3205,KABUPATEN GARUT,172127.1,mm,82.58333333,%,2017
114,32,JAWA BARAT,3206,KABUPATEN TASIKMALAYA,172127.1,mm,82.58333333,%,2017
115,32,JAWA BARAT,3207,KABUPATEN CIAMIS,172127.1,mm,82.58333333,%,2017
116,32,JAWA BARAT,3208,KABUPATEN KUNINGAN,172127.1,mm,82.58333333,%,2017
117,32,JAWA BARAT,3209,KABUPATEN CIREBON,172127.1,mm,82.58333333,%,2017
118,32,JAWA BARAT,3210,KABUPATEN MAJALENGKA,172127.1,mm,82.58333333,%,2017
119,32,JAWA BARAT,3211,KABUPATEN SUMEDANG,172127.1,mm,82.58333333,%,2017
120,32,JAWA BARAT,3212,KABUPATEN INDRAMAYU,172127.1,mm,82.58333333,%,2017
121,32,JAWA BARAT,3213,KABUPATEN SUBANG,172127.1,mm,82.58333333,%,2017
122,32,JAWA BARAT,3214,KABUPATEN PURWAKARTA,172127.1,mm,82.58333333,%,2017
123,32,JAWA BARAT,3215,KABUPATEN KARAWANG,172127.1,mm,82.58333333,%,2017
124,32,JAWA BARAT,3216,KABUPATEN BEKASI,172127.1,mm,82.58333333,%,2017
125,32,JAWA BARAT,3217,KABUPATEN BANDUNG BARAT,172127.1,mm,82.58333333,%,2017
126,32,JAWA BARAT,3218,KABUPATEN PANGANDARAN,172127.1,mm,82.58333333,%,2017
127,32,JAWA BARAT,3271,KOTA BOGOR,172127.1,mm,82.58333333,%,2017
128,32,JAWA BARAT,3272,KOTA SUKABUMI,172127.1,mm,82.58333333,%,2017
129,32,JAWA BARAT,3273,KOTA BANDUNG,172127.1,mm,82.58333333,%,2017
130,32,JAWA BARAT,3274,KOTA CIREBON,172127.1,mm,82.58333333,%,2017
131,32,JAWA BARAT,3275,KOTA BEKASI,172127.1,mm,82.58333333,%,2017
132,32,JAWA BARAT,3276,KOTA DEPOK,172127.1,mm,82.58333333,%,2017
133,32,JAWA BARAT,3277,KOTA CIMAHI,172127.1,mm,82.58333333,%,2017
134,32,JAWA BARAT,3278,KOTA TASIKMALAYA,172127.1,mm,82.58333333,%,2017
135,32,JAWA BARAT,3279,KOTA BANJAR,172127.1,mm,82.58333333,%,2017
136,32,JAWA BARAT,3201,KABUPATEN BOGOR,216294.8,mm,81,%,2018
137,32,JAWA BARAT,3202,KABUPATEN SUKABUMI,216294.8,mm,81,%,2018
138,32,JAWA BARAT,3203,KABUPATEN CIANJUR,216294.8,mm,81,%,2018
139,32,JAWA BARAT,3204,KABUPATEN BANDUNG,216294.8,mm,81,%,2018
140,32,JAWA BARAT,3205,KABUPATEN GARUT,216294.8,mm,81,%,2018
141,32,JAWA BARAT,3206,KABUPATEN TASIKMALAYA,216294.8,mm,81,%,2018
142,32,JAWA BARAT,3207,KABUPATEN CIAMIS,216294.8,mm,81,%,2018
143,32,JAWA BARAT,3208,KABUPATEN KUNINGAN,216294.8,mm,81,%,2018
144,32,JAWA BARAT,3209,KABUPATEN CIREBON,216294.8,mm,81,%,2018
145,32,JAWA BARAT,3210,KABUPATEN MAJALENGKA,216294.8,mm,81,%,2018
146,32,JAWA BARAT,3211,KABUPATEN SUMEDANG,216294.8,mm,81,%,2018
147,32,JAWA BARAT,3212,KABUPATEN INDRAMAYU,216294.8,mm,81,%,2018
148,32,JAWA BARAT,3213,KABUPATEN SUBANG,216294.8,mm,81,%,2018
149,32,JAWA BARAT,3214,KABUPATEN PURWAKARTA,216294.8,mm,81,%,2018
150,32,JAWA BARAT,3215,KABUPATEN KARAWANG,216294.8,mm,81,%,2018
151,32,JAWA BARAT,3216,KABUPATEN BEKASI,216294.8,mm,81,%,2018
152,32,JAWA BARAT,3217,KABUPATEN BANDUNG BARAT,216294.8,mm,81,%,2018
153,32,JAWA BARAT,3218,KABUPATEN PANGANDARAN,216294.8,mm,81,%,2018
154,32,JAWA BARAT,3271,KOTA BOGOR,216294.8,mm,81,%,2018
155,32,JAWA BARAT,3272,KOTA SUKABUMI,216294.8,mm,81,%,2018
156,32,JAWA BARAT,3273,KOTA BANDUNG,216294.8,mm,81,%,2018
157,32,JAWA BARAT,3274,KOTA CIREBON,216294.8,mm,81,%,2018
158,32,JAWA BARAT,3275,KOTA BEKASI,216294.8,mm,81,%,2018
159,32,JAWA BARAT,3276,KOTA DEPOK,216294.8,mm,81,%,2018
160,32,JAWA BARAT,3277,KOTA CIMAHI,216294.8,mm,81,%,2018
161,32,JAWA BARAT,3278,KOTA TASIKMALAYA,216294.8,mm,81,%,2018
162,32,JAWA BARAT,3279,KOTA BANJAR,216294.8,mm,81,%,2018
163,32,JAWA BARAT,3201,KABUPATEN BOGOR,163227.8,mm,80.90909091,%,2019
164,32,JAWA BARAT,3202,KABUPATEN SUKABUMI,163227.8,mm,80.90909091,%,2019
165,32,JAWA BARAT,3203,KABUPATEN CIANJUR,163227.8,mm,80.90909091,%,2019
166,32,JAWA BARAT,3204,KABUPATEN BANDUNG,163227.8,mm,80.90909091,%,2019
167,32,JAWA BARAT,3205,KABUPATEN GARUT,163227.8,mm,80.90909091,%,2019
168,32,JAWA BARAT,3206,KABUPATEN TASIKMALAYA,163227.8,mm,80.90909091,%,2019
169,32,JAWA BARAT,3207,KABUPATEN CIAMIS,163227.8,mm,80.90909091,%,2019
170,32,JAWA BARAT,3208,KABUPATEN KUNINGAN,163227.8,mm,80.90909091,%,2019
171,32,JAWA BARAT,3209,KABUPATEN CIREBON,163227.8,mm,80.90909091,%,2019
172,32,JAWA BARAT,3210,KABUPATEN MAJALENGKA,163227.8,mm,80.90909091,%,2019
173,32,JAWA BARAT,3211,KABUPATEN SUMEDANG,163227.8,mm,80.90909091,%,2019
174,32,JAWA BARAT,3212,KABUPATEN INDRAMAYU,163227.8,mm,80.90909091,%,2019
175,32,JAWA BARAT,3213,KABUPATEN SUBANG,163227.8,mm,80.90909091,%,2019
176,32,JAWA BARAT,3214,KABUPATEN PURWAKARTA,163227.8,mm,80.90909091,%,2019
177,32,JAWA BARAT,3215,KABUPATEN KARAWANG,163227.8,mm,80.90909091,%,2019
178,32,JAWA BARAT,3216,KABUPATEN BEKASI,163227.8,mm,80.90909091,%,2019
179,32,JAWA BARAT,3217,KABUPATEN BANDUNG BARAT,163227.8,mm,80.90909091,%,2019
180,32,JAWA BARAT,3218,KABUPATEN PANGANDARAN,163227.8,mm,80.90909091,%,2019
181,32,JAWA BARAT,3271,KOTA BOGOR,163227.8,mm,80.90909091,%,2019
182,32,JAWA BARAT,3272,KOTA SUKABUMI,163227.8,mm,80.90909091,%,2019
183,32,JAWA BARAT,3273,KOTA BANDUNG,163227.8,mm,80.90909091,%,2019
184,32,JAWA BARAT,3274,KOTA CIREBON,163227.8,mm,80.90909091,%,2019
185,32,JAWA BARAT,3275,KOTA BEKASI,163227.8,mm,80.90909091,%,2019
186,32,JAWA BARAT,3276,KOTA DEPOK,163227.8,mm,80.90909091,%,2019
187,32,JAWA BARAT,3277,KOTA CIMAHI,163227.8,mm,80.90909091,%,2019
188,32,JAWA BARAT,3278,KOTA TASIKMALAYA,163227.8,mm,80.90909091,%,2019
189,32,JAWA BARAT,3279,KOTA BANJAR,163227.8,mm,80.90909091,%,2019
190,32,JAWA BARAT,3201,KABUPATEN BOGOR,163638,mm,83.45454545,%,2020
191,32,JAWA BARAT,3202,KABUPATEN SUKABUMI,163638,mm,83.45454545,%,2020
192,32,JAWA BARAT,3203,KABUPATEN CIANJUR,163638,mm,83.45454545,%,2020
193,32,JAWA BARAT,3204,KABUPATEN BANDUNG,163638,mm,83.45454545,%,2020
194,32,JAWA BARAT,3205,KABUPATEN GARUT,163638,mm,83.45454545,%,2020
195,32,JAWA BARAT,3206,KABUPATEN TASIKMALAYA,163638,mm,83.45454545,%,2020
196,32,JAWA BARAT,3207,KABUPATEN CIAMIS,163638,mm,83.45454545,%,2020
197,32,JAWA BARAT,3208,KABUPATEN KUNINGAN,163638,mm,83.45454545,%,2020
198,32,JAWA BARAT,3209,KABUPATEN CIREBON,163638,mm,83.45454545,%,2020
199,32,JAWA BARAT,3210,KABUPATEN MAJALENGKA,163638,mm,83.45454545,%,2020
200,32,JAWA BARAT,3211,KABUPATEN SUMEDANG,163638,mm,83.45454545,%,2020
201,32,JAWA BARAT,3212,KABUPATEN INDRAMAYU,163638,mm,83.45454545,%,2020
202,32,JAWA BARAT,3213,KABUPATEN SUBANG,163638,mm,83.45454545,%,2020
203,32,JAWA BARAT,3214,KABUPATEN PURWAKARTA,163638,mm,83.45454545,%,2020
204,32,JAWA BARAT,3215,KABUPATEN KARAWANG,163638,mm,83.45454545,%,2020
205,32,JAWA BARAT,3216,KABUPATEN BEKASI,163638,mm,83.45454545,%,2020
206,32,JAWA BARAT,3217,KABUPATEN BANDUNG BARAT,163638,mm,83.45454545,%,2020
207,32,JAWA BARAT,3218,KABUPATEN PANGANDARAN,163638,mm,83.45454545,%,2020
208,32,JAWA BARAT,3271,KOTA BOGOR,163638,mm,83.45454545,%,2020
209,32,JAWA BARAT,3272,KOTA SUKABUMI,163638,mm,83.45454545,%,2020
210,32,JAWA BARAT,3273,KOTA BANDUNG,163638,mm,83.45454545,%,2020
211,32,JAWA BARAT,3274,KOTA CIREBON,163638,mm,83.45454545,%,2020
212,32,JAWA BARAT,3275,KOTA BEKASI,163638,mm,83.45454545,%,2020
213,32,JAWA BARAT,3276,KOTA DEPOK,163638,mm,83.45454545,%,2020
214,32,JAWA BARAT,3277,KOTA CIMAHI,163638,mm,83.45454545,%,2020
215,32,JAWA BARAT,3278,KOTA TASIKMALAYA,163638,mm,83.45454545,%,2020
216,32,JAWA BARAT,3279,KOTA BANJAR,163638,mm,83.45454545,%,2020
217,32,JAWA BARAT,3201,KABUPATEN BOGOR,261538.6,mm,84.25,%,2021
218,32,JAWA BARAT,3202,KABUPATEN SUKABUMI,261538.6,mm,84.25,%,2021
219,32,JAWA BARAT,3203,KABUPATEN CIANJUR,261538.6,mm,84.25,%,2021
220,32,JAWA BARAT,3204,KABUPATEN BANDUNG,261538.6,mm,84.25,%,2021
221,32,JAWA BARAT,3205,KABUPATEN GARUT,261538.6,mm,84.25,%,2021
222,32,JAWA BARAT,3206,KABUPATEN TASIKMALAYA,261538.6,mm,84.25,%,2021
223,32,JAWA BARAT,3207,KABUPATEN CIAMIS,261538.6,mm,84.25,%,2021
224,32,JAWA BARAT,3208,KABUPATEN KUNINGAN,261538.6,mm,84.25,%,2021
225,32,JAWA BARAT,3209,KABUPATEN CIREBON,261538.6,mm,84.25,%,2021
226,32,JAWA BARAT,3210,KABUPATEN MAJALENGKA,261538.6,mm,84.25,%,2021
227,32,JAWA BARAT,3211,KABUPATEN SUMEDANG,261538.6,mm,84.25,%,2021
228,32,JAWA BARAT,3212,KABUPATEN INDRAMAYU,261538.6,mm,84.25,%,2021
229,32,JAWA BARAT,3213,KABUPATEN SUBANG,261538.6,mm,84.25,%,2021
230,32,JAWA BARAT,3214,KABUPATEN PURWAKARTA,261538.6,mm,84.25,%,2021
231,32,JAWA BARAT,3215,KABUPATEN KARAWANG,261538.6,mm,84.25,%,2021
232,32,JAWA BARAT,3216,KABUPATEN BEKASI,261538.6,mm,84.25,%,2021
233,32,JAWA BARAT,3217,KABUPATEN BANDUNG BARAT,261538.6,mm,84.25,%,2021
234,32,JAWA BARAT,3218,KABUPATEN PANGANDARAN,261538.6,mm,84.25,%,2021
235,32,JAWA BARAT,3271,KOTA BOGOR,261538.6,mm,84.25,%,2021
236,32,JAWA BARAT,3272,KOTA SUKABUMI,261538.6,mm,84.25,%,2021
237,32,JAWA BARAT,3273,KOTA BANDUNG,261538.6,mm,84.25,%,2021
238,32,JAWA BARAT,3274,KOTA CIREBON,261538.6,mm,84.25,%,2021
239,32,JAWA BARAT,3275,KOTA BEKASI,261538.6,mm,84.25,%,2021
240,32,JAWA BARAT,3276,KOTA DEPOK,261538.6,mm,84.25,%,2021
241,32,JAWA BARAT,3277,KOTA CIMAHI,261538.6,mm,84.25,%,2021
242,32,JAWA BARAT,3278,KOTA TASIKMALAYA,261538.6,mm,84.25,%,2021
243,32,JAWA BARAT,3279,KOTA BANJAR,261538.6,mm,84.25,%,2021
244,32,JAWA BARAT,3201,KABUPATEN BOGOR,207502.3,mm,84.7,%,2022
245,32,JAWA BARAT,3202,KABUPATEN SUKABUMI,207502.3,mm,84.7,%,2022
246,32,JAWA BARAT,3203,KABUPATEN CIANJUR,207502.3,mm,84.7,%,2022
247,32,JAWA BARAT,3204,KABUPATEN BANDUNG,207502.3,mm,84.7,%,2022
248,32,JAWA BARAT,3205,KABUPATEN GARUT,207502.3,mm,84.7,%,2022
249,32,JAWA BARAT,3206,KABUPATEN TASIKMALAYA,207502.3,mm,84.7,%,2022
250,32,JAWA BARAT,3207,KABUPATEN CIAMIS,207502.3,mm,84.7,%,2022
251,32,JAWA BARAT,3208,KABUPATEN KUNINGAN,207502.3,mm,84.7,%,2022
252,32,JAWA BARAT,3209,KABUPATEN CIREBON,207502.3,mm,84.7,%,2022
253,32,JAWA BARAT,3210,KABUPATEN MAJALENGKA,207502.3,mm,84.7,%,2022
254,32,JAWA BARAT,3211,KABUPATEN SUMEDANG,207502.3,mm,84.7,%,2022
255,32,JAWA BARAT,3212,KABUPATEN INDRAMAYU,207502.3,mm,84.7,%,2022
256,32,JAWA BARAT,3213,KABUPATEN SUBANG,207502.3,mm,84.7,%,2022
257,32,JAWA BARAT,3214,KABUPATEN PURWAKARTA,207502.3,mm,84.7,%,2022
258,32,JAWA BARAT,3215,KABUPATEN KARAWANG,207502.3,mm,84.7,%,2022
259,32,JAWA BARAT,3216,KABUPATEN BEKASI,207502.3,mm,84.7,%,2022
260,32,JAWA BARAT,3217,KABUPATEN BANDUNG BARAT,207502.3,mm,84.7,%,2022
261,32,JAWA BARAT,3218,KABUPATEN PANGANDARAN,207502.3,mm,84.7,%,2022
262,32,JAWA BARAT,3271,KOTA BOGOR,207502.3,mm,84.7,%,2022
263,32,JAWA BARAT,3272,KOTA SUKABUMI,207502.3,mm,84.7,%,2022
264,32,JAWA BARAT,3273,KOTA BANDUNG,207502.3,mm,84.7,%,2022
265,32,JAWA BARAT,3274,KOTA CIREBON,207502.3,mm,84.7,%,2022
266,32,JAWA BARAT,3275,KOTA BEKASI,207502.3,mm,84.7,%,2022
267,32,JAWA BARAT,3276,KOTA DEPOK,207502.3,mm,84.7,%,2022
268,32,JAWA BARAT,3277,KOTA CIMAHI,207502.3,mm,84.7,%,2022
269,32,JAWA BARAT,3278,KOTA TASIKMALAYA,207502.3,mm,84.7,%,2022
270,32,JAWA BARAT,3279,KOTA BANJAR,207502.3,mm,84.7,%,2022
271,32,JAWA BARAT,3201,KABUPATEN BOGOR,145538.4,mm,81.7,%,2023
272,32,JAWA BARAT,3202,KABUPATEN SUKABUMI,145538.4,mm,81.7,%,2023
273,32,JAWA BARAT,3203,KABUPATEN CIANJUR,145538.4,mm,81.7,%,2023
274,32,JAWA BARAT,3204,KABUPATEN BANDUNG,145538.4,mm,81.7,%,2023
275,32,JAWA BARAT,3205,KABUPATEN GARUT,145538.4,mm,81.7,%,2023
276,32,JAWA BARAT,3206,KABUPATEN TASIKMALAYA,145538.4,mm,81.7,%,2023
277,32,JAWA BARAT,3207,KABUPATEN CIAMIS,145538.4,mm,81.7,%,2023
278,32,JAWA BARAT,3208,KABUPATEN KUNINGAN,145538.4,mm,81.7,%,2023
279,32,JAWA BARAT,3209,KABUPATEN CIREBON,145538.4,mm,81.7,%,2023
280,32,JAWA BARAT,3210,KABUPATEN MAJALENGKA,145538.4,mm,81.7,%,2023
281,32,JAWA BARAT,3211,KABUPATEN SUMEDANG,145538.4,mm,81.7,%,2023
282,32,JAWA BARAT,3212,KABUPATEN INDRAMAYU,145538.4,mm,81.7,%,2023
283,32,JAWA BARAT,3213,KABUPATEN SUBANG,145538.4,mm,81.7,%,2023
284,32,JAWA BARAT,3214,KABUPATEN PURWAKARTA,145538.4,mm,81.7,%,2023
285,32,JAWA BARAT,3215,KABUPATEN KARAWANG,145538.4,mm,81.7,%,2023
286,32,JAWA BARAT,3216,KABUPATEN BEKASI,145538.4,mm,81.7,%,2023
287,32,JAWA BARAT,3217,KABUPATEN BANDUNG BARAT,145538.4,mm,81.7,%,2023
288,32,JAWA BARAT,3218,KABUPATEN PANGANDARAN,145538.4,mm,81.7,%,2023
289,32,JAWA BARAT,3271,KOTA BOGOR,145538.4,mm,81.7,%,2023
290,32,JAWA BARAT,3272,KOTA SUKABUMI,145538.4,mm,81.7,%,2023
291,32,JAWA BARAT,3273,KOTA BANDUNG,145538.4,mm,81.7,%,2023
292,32,JAWA BARAT,3274,KOTA CIREBON,145538.4,mm,81.7,%,2023
293,32,JAWA BARAT,3275,KOTA BEKASI,145538.4,mm,81.7,%,2023
294,32,JAWA BARAT,3276,KOTA DEPOK,145538.4,mm,81.7,%,2023
295,32,JAWA BARAT,3277,KOTA CIMAHI,145538.4,mm,81.7,%,2023
296,32,JAWA BARAT,3278,KOTA TASIKMALAYA,145538.4,mm,81.7,%,2023
297,32,JAWA BARAT,3279,KOTA BANJAR,145538.4,mm,81.7,%,2023
298,32,JAWA BARAT,3201,KABUPATEN BOGOR,120356.4,mm,82.63636364,%,2024
299,32,JAWA BARAT,3202,KABUPATEN SUKABUMI,120356.4,mm,82.63636364,%,2024
300,32,JAWA BARAT,3203,KABUPATEN CIANJUR,120356.4,mm,82.63636364,%,2024
301,32,JAWA BARAT,3204,KABUPATEN BANDUNG,120356.4,mm,82.63636364,%,2024
302,32,JAWA BARAT,3205,KABUPATEN GARUT,120356.4,mm,82.63636364,%,2024
303,32,JAWA BARAT,3206,KABUPATEN TASIKMALAYA,120356.4,mm,82.63636364,%,2024
304,32,JAWA BARAT,3207,KABUPATEN CIAMIS,120356.4,mm,82.63636364,%,2024
305,32,JAWA BARAT,3208,KABUPATEN KUNINGAN,120356.4,mm,82.63636364,%,2024
306,32,JAWA BARAT,3209,KABUPATEN CIREBON,120356.4,mm,82.63636364,%,2024
307,32,JAWA BARAT,3210,KABUPATEN MAJALENGKA,120356.4,mm,82.63636364,%,2024
308,32,JAWA BARAT,3211,KABUPATEN SUMEDANG,120356.4,mm,82.63636364,%,2024
309,32,JAWA BARAT,3212,KABUPATEN INDRAMAYU,120356.4,mm,82.63636364,%,2024
310,32,JAWA BARAT,3213,KABUPATEN SUBANG,120356.4,mm,82.63636364,%,2024
311,32,JAWA BARAT,3214,KABUPATEN PURWAKARTA,120356.4,mm,82.63636364,%,2024
312,32,JAWA BARAT,3215,KABUPATEN KARAWANG,120356.4,mm,82.63636364,%,2024
313,32,JAWA BARAT,3216,KABUPATEN BEKASI,120356.4,mm,82.63636364,%,2024
314,32,JAWA BARAT,3217,KABUPATEN BANDUNG BARAT,120356.4,mm,82.63636364,%,2024
315,32,JAWA BARAT,3218,KABUPATEN PANGANDARAN,120356.4,mm,82.63636364,%,2024
316,32,JAWA BARAT,3271,KOTA BOGOR,120356.4,mm,82.63636364,%,2024
317,32,JAWA BARAT,3272,KOTA SUKABUMI,120356.4,mm,82.63636364,%,2024
318,32,JAWA BARAT,3273,KOTA BANDUNG,120356.4,mm,82.63636364,%,2024
319,32,JAWA BARAT,3274,KOTA CIREBON,120356.4,mm,82.63636364,%,2024
320,32,JAWA BARAT,3275,KOTA BEKASI,120356.4,mm,82.63636364,%,2024
321,32,JAWA BARAT,3276,KOTA DEPOK,120356.4,mm,82.63636364,%,2024
322,32,JAWA BARAT,3277,KOTA CIMAHI,120356.4,mm,82.63636364,%,2024
323,32,JAWA BARAT,3278,KOTA TASIKMALAYA,120356.4,mm,82.63636364,%,2024
324,32,JAWA BARAT,3279,KOTA BANJAR,120356.4,mm,82.63636364,%,2024
